Harry Potter and the Right-sized contextually-based hierarchy,David Johnson,16
Harry Potter and the Fundamental regional frame,Dustin Mccoy PhD,19
Harry Potter and the Fundamental stable utilization,Shawna Duncan,7
Harry Potter and the User-centric attitude-oriented protocol,Jessica Allen,16
Harry Potter and the Focused tertiary ability,Angela Hansen,6
Harry Potter and the Stand-alone impactful info-mediaries,Alyssa Marks,1
Harry Potter and the Visionary asynchronous emulation,Renee Tate,6
Harry Potter and the Innovative cohesive Graphical User Interface,Doris Smith,5
Harry Potter and the Extended background time-frame,David Klein,8
Harry Potter and the Focused non-volatile monitoring,William Garcia,3
Harry Potter and the Persistent eco-centric protocol,Jessica Vazquez,18
Harry Potter and the Synergistic executive knowledgebase,Bonnie Smith,2
Harry Potter and the Reduced bottom-line functionalities,Peter Watson,7
Harry Potter and the Re-contextualized composite array,William Townsend,8
Harry Potter and the Organized 6thgeneration info-mediaries,Matthew Warner,4
Harry Potter and the Proactive needs-based contingency,Monique Morris,20
Harry Potter and the Down-sized responsive focus group,Crystal Smith,12
Harry Potter and the Synchronized full-range solution,Adam Tran,4
Harry Potter and the Balanced reciprocal portal,Jose Gomez,17
Harry Potter and the Realigned mission-critical knowledgebase,Christopher Ramos,17
Harry Potter and the Synergistic 6thgeneration approach,Ian Higgins,8
Harry Potter and the Cross-group user-facing hardware,Molly Mccullough,16
Harry Potter and the Enhanced solution-oriented workforce,Jennifer Hoffman,5
Harry Potter and the Progressive needs-based website,Noah Ochoa,18
Harry Potter and the Fundamental modular circuit,Tami Peterson,16
Harry Potter and the Virtual national concept,Shawn Taylor,18
Harry Potter and the Team-oriented grid-enabled matrices,Julie Green,7
Harry Potter and the Business-focused modular contingency,Richard Gibson,18
Harry Potter and the Multi-channeled asymmetric complexity,Mrs. Karen Hall,9
Harry Potter and the Switchable optimizing Graphic Interface,Lisa Martinez,13
Harry Potter and the Future-proofed systemic capacity,David Long,17
Harry Potter and the Exclusive dynamic architecture,Gary Zhang,14
Harry Potter and the Universal national support,Allison Gutierrez,4
Harry Potter and the Upgradable explicit protocol,Valerie Coleman,8
Harry Potter and the Secured 24/7 hierarchy,Susan Johnson,9
Harry Potter and the Down-sized static groupware,Michael Martinez,16
Harry Potter and the Managed tangible interface,Maria Price,1
Harry Potter and the Visionary analyzing pricing structure,Ashley Carson,11
Harry Potter and the Open-source 24/7 monitoring,Michael Lopez,12
Harry Potter and the Automated global benchmark,Jessica Little,18
Harry Potter and the Assimilated optimizing model,Rick Diaz,12
Harry Potter and the Diverse responsive success,Matthew Lee,2
Harry Potter and the Managed reciprocal process improvement,Jacob Bailey,1
Harry Potter and the Balanced actuating synergy,James Johnson,16
Harry Potter and the De-engineered fault-tolerant productivity,Aaron Davila,17
Harry Potter and the Enterprise-wide systemic hub,Jennifer Hale,9
Harry Potter and the Triple-buffered composite Graphical User Interface,James Wilkinson,20
Harry Potter and the Innovative discrete migration,Tony Lara,18
Harry Potter and the Distributed mobile Internet solution,Nancy Reed,8
Harry Potter and the Configurable 3rdgeneration throughput,Ashley Smith,17
The Sound and the Fury,William Faulkner,5
The Man and the Sea,Ernest Hemingway,3

