Name,Surname,Loan Number
Mary,Potter,1
Joshua,Blackwell,2
Jacqueline,Woodward,3
James,Pearson,4
Amanda,Thompson,5
Samuel,Potter,6
Janet,Krause,7
Christian,Johnson,8
Melissa,Taylor,9
Lee,Baird,10
Deborah,Potter,11
Larry,Stout,12
Amanda,Adams,13
Martin,Taylor,14
Brittany,Mitchell,15
Joseph,Potter,16
Amy,Horne,17
James,Stokes,18
Melissa,Bond,19
David,Bennett,20
Harry, Potter, 21
Hermione, Granger, 22
Ron, Weasley, 23
Draco, Malfoy, 24
Luna, Lovegood, 25
Neville, Longbottom, 26
Ginny, Weasley, 27
Fred, Weasley, 28
George, Weasley, 29
Percy, Weasley, 30
Bill, Weasley, 31